symbol,organ_name
DPP,CTCP Dược Đồng Nai
SDA,CTCP Simco Sông Đà
CLH,CTCP Xi măng La Hiên VVMI
DBT,CTCP Dược phẩm Bến Tre
DND,CTCP Đầu tư Xây dựng và Vật liệu Đồng Nai
CCR,CTCP Cảng Cam Ranh
NOS,CTCP Vận tải biển và Thương mại Phương Đông
DPH,CTCP Dược phẩm Hải Phòng
DSN,CTCP Công viên nước Đầm Sen
WSS,CTCP Chứng khoán Phố Wall
STC,CTCP Sách và Thiết bị Trường học Thành phố Hồ Chí Minh
CFM,CTCP Đầu tư CFM
VPG,CTCP Đầu tư Thương mại Xuất nhập khẩu Việt Phát
DST,CTCP Đầu tư Sao Thăng Long
DCV,CTCP Quản lý Quỹ Đầu tư Dragon Capital Việt Nam
MBN,CTCP Môi trường và Công trình đô thị Bắc Ninh
HPG,CTCP Tập đoàn Hòa Phát
VGC,Tổng Công ty Viglacera - CTCP
VCS,CTCP Vicostone
HT1,CTCP Xi Măng Vicem Hà Tiên
SKV,CTCP Nước giải khát Yến sào Khánh Hòa
HAD,CTCP Bia Hà Nội - Hải Dương
SSG,CTCP Vận tải biển Hải Âu
TVT,Tổng Công ty Việt Thắng - CTCP
VRG,CTCP Phát triển Đô thị và Khu công nghiệp Cao su Việt Nam
DGW,CTCP Thế Giới Số
VNI,CTCP Đầu tư Bất động sản Việt Nam
L12,CTCP Licogi 12
NDC,CTCP Nam Dược
GND,CTCP Gạch ngói Đồng Nai
UDJ,CTCP Phát triển Đô thị
HMS,CTCP Xây dựng Bảo tàng Hồ Chí Minh
IVS,CTCP Chứng khoán Guotai Junan (Việt Nam)
HHS,CTCP Đầu tư Dịch vụ Hoàng Huy
ATS,CTCP Tập đoàn Đầu tư ATS
BTG,CTCP Bao bì Tiền Giang
PIV,CTCP PIV
RGG,CTCP Regal Group
PDB,CTCP Tập đoàn Đầu tư Din Capital
VTO,CTCP Vận tải Xăng dầu Vitaco
CBI,CTCP Gang thép Cao Bằng
STL,CTCP Sông Đà Thăng Long
VKP,CTCP Nhựa Tân Hóa
VTK,CTCP Tư Vấn Và Dịch Vụ Viettel
IMP,CTCP Dược phẩm Imexpharm
XMD,CTCP Xuân Mai - Đạo Tú
PTD,CTCP Thiết kế Xây dựng Thương mại Phúc Thịnh
BHC,CTCP Bê tông Biên Hòa
HUG,Tổng Công ty May Hưng Yên - CTCP
HBH,CTCP Habeco - Hải Phòng
NTP,CTCP Nhựa Thiếu niên Tiền Phong
SDP,CTCP SDP
SBR,CTCP Cao su Sông Bé
S99,CTCP SCI
FPT,CTCP FPT
SGH,CTCP Khách sạn Sài Gòn
BED,CTCP Sách và Thiết bị Trường học Đà Nẵng
CMI,CTCP CMISTONE Việt Nam
STK,CTCP Sợi Thế Kỷ
TCD,CTCP Tập đoàn Xây dựng TRACODI
HJC,CTCP Hòa Việt
LCC,CTCP Xi măng Hồng Phong
BCM,Tập đoàn Đầu tư và Phát triển Công nghiệp Becamex - CTCP
TTD,CTCP Bệnh viện tim Tâm Đức
VCM,CTCP BV Life
SNC,CTCP Xuất nhập khẩu Thủy sản Năm Căn
BLT,CTCP Lương thực Bình Định
KPF,CTCP Đầu tư tài sản Koji
VLC,Tổng Công ty Chăn Nuôi Việt Nam - CTCP
CTW,CTCP Cấp thoát nước Cần Thơ
IPA,CTCP Tập đoàn Đầu tư I.P.A
TNH,CTCP Tập đoàn Bệnh viện TNH
TNP,CTCP Cảng Thị Nại
PHS,CTCP Chứng khoán Phú Hưng
DC1,CTCP Đầu tư Phát triển Xây dựng Số 1
SAS,CTCP Dịch vụ Hàng không Sân bay Tân Sơn Nhất
HEJ,Tổng Công ty Tư vấn Xây dựng Thủy lợi Việt Nam - CTCP
ST8,CTCP Tập đoàn ST8
CCV,CTCP Tư vấn Xây dựng Công nghiệp và Đô thị Việt Nam
VSI,CTCP Đầu tư và Xây dựng Cấp thoát nước
NSG,CTCP Nhựa Sài Gòn
CTD,CTCP Xây dựng Coteccons
DVG,CTCP Đại Việt Group DVG
HPH,CTCP Hóa Chất Hưng Phát Hà Bắc
BNA,CTCP Tập đoàn Đầu tư Bảo Ngọc
BSQ,CTCP Bia Sài Gòn - Quảng Ngãi
CRV,CTCP Tập đoàn Bất động sản CRV
PVO,CTCP Dầu nhờn PV Oil
VNF,CTCP Vinafreight
LQN,CTCP Licogi Quảng Ngãi
BCF,CTCP Thực phẩm Bích Chi
APL,CTCP Cơ khí và Thiết bị áp lực - VVMI
HEC,CTCP Tư vấn Xây dựng Thủy Lợi II
EBS,CTCP Sách Giáo dục tại Thành phố Hà Nội
IHK,CTCP In Hàng Không
BTH,CTCP Chế tạo Biến thế và Vật liệu Điện Hà Nội
ADS,CTCP Damsan
THT,CTCP Than Hà Tu - Vinacomin
PDC,CTCP Du lịch Dầu khí Phương Đông
TNS,CTCP Thép tấm lá Thống Nhất
VSE,CTCP Dịch vụ Đường cao tốc Việt Nam
LM8,CTCP Lilama 18
GTA,CTCP Chế biến gỗ Thuận An
SHE,CTCP Phát triển Năng lượng Sơn Hà
VHE,CTCP Dược liệu và Thực phẩm Việt Nam
PTB,CTCP Phú Tài
SGD,CTCP Sách Giáo dục tại Thành phố Hồ Chí Minh
GEX,CTCP Tập đoàn GELEX
STH,CTCP Phát hành Sách Thái Nguyên
HPX,CTCP Đầu tư Hải Phát
PSE,CTCP Phân Bón và Hóa Chất Dầu khí Đông Nam Bộ
QNS,CTCP Đường Quảng Ngãi
DC2,CTCP Đầu tư Phát triển - Xây dựng (DIC) số 2
SVT,CTCP Công nghệ Sài Gòn Viễn Đông
SGS,CTCP Vận tải biển Sài Gòn
NT2,CTCP Điện lực Dầu khí Nhơn Trạch 2
HBS,CTCP Chứng khoán Hòa Bình
UCT,CTCP Đô thị Cần Thơ
CI5,CTCP Đầu Tư Xây dựng Số 5
KTS,CTCP Đường Kon Tum
H11,CTCP Xây dựng HUD101
VIE,CTCP Công nghệ Viễn thông VITECO
VSC,CTCP Container Việt Nam
DTE,CTCP Đầu tư Năng lượng Đại Trường Thành Holdings
VST,CTCP Vận tải và Thuê tàu biển Việt Nam
ATA,CTCP Ntaco
SB1,CTCP Bia Sài Gòn - Nghệ Tĩnh
THU,CTCP Môi trường và Công trình Đô thị Thanh Hóa
VPA,CTCP Vận tải Hoá Dầu VP
HDP,CTCP Dược Hà Tĩnh
PAP,CTCP Dầu khí Đầu tư Khai thác Cảng Phước An
SVD,CTCP Đầu tư & Thương mại Vũ Đăng
TTT,CTCP Du lịch - Thương mại Tây Ninh
PTI,Tổng Công ty cổ phần Bảo hiểm Bưu điện
TB8,CTCP Sản xuất và Kinh doanh Vật tư Thiết bị - VVMI
BSH,CTCP Bia Sài Gòn - Hà Nội
PCC,CTCP Tập đoàn Xây lắp 1 - Petrolimex
VNX,CTCP Quảng cáo và Hội chợ Thương mại
HPA,CTCP Phát triển Nông nghiệp Hòa Phát
SCL,CTCP Sông Đà Cao Cường
VFR,CTCP Vận tải và Thuê tàu
VHL,CTCP Viglacera Hạ Long
AGF,CTCP Xuất nhập khẩu Thủy sản An Giang
HIO,CTCP Helio Energy
STP,CTCP Công nghiệp Thương mại Sông Đà
HTN,CTCP Hưng Thịnh Incons
NWT,CTCP Vận tải Newway
BQB,CTCP Bia Hà Nội - Quảng Bình
TVH,CTCP Tư vấn Xây dựng công trình Hàng hải
BTB,CTCP Bia Hà Nội - Thái Bình
VNP,CTCP Nhựa Việt Nam
VTS,CTCP Gạch ngói Từ Sơn
CNT,CTCP Tập đoàn CNT
CII,CTCP Đầu tư Hạ tầng Kỹ thuật Thành phố Hồ Chí Minh
HFX,CTCP Sản xuất - Xuất nhập khẩu Thanh Hà
SED,CTCP Đầu tư và Phát triển Giáo dục Phương Nam
BTP,CTCP Nhiệt điện Bà Rịa
PLO,CTCP Kho Vận Petec
HSP,CTCP Sơn Tổng hợp Hà Nội
CTF,CTCP City Auto
DAC,CTCP 382 Đông Anh
LSG,CTCP Bất động sản Sài Gòn Vina
VMK,CTCP Vimarko
DAT,CTCP Đầu tư du lịch và Phát triển Thủy sản
CRE,CTCP Bất động sản Thế Kỷ
BHH,CTCP Bia Hà Nội - Hưng Yên 89
NTL,CTCP Phát triển Đô thị Từ Liêm
VLG,CTCP VIMC Logistics
HTE,CTCP Đầu tư Kinh doanh Điện lực Thành phố Hồ Chí Minh
MZG,CTCP Miza
TAR,CTCP Nông nghiệp Công nghệ cao Trung An
DSC,CTCP Chứng khoán DSC
SLD,CTCP Địa ốc Sacom
DP1,CTCP Dược phẩm Trung ương CPC1
PLP,CTCP Sản xuất và Công nghệ Nhựa Pha Lê
SPI,CTCP Spiral Galaxy
TCX,CTCP Chứng khoán Kỹ Thương
BDW,CTCP Cấp thoát nước Bình Định
VPI,CTCP Phát triển Bất động sản Văn Phú
GMH,CTCP Minh Hưng Quảng Trị
L10,CTCP Lilama 10
BGW,CTCP Nước sạch Bắc Giang
TIS,CTCP Gang thép Thái Nguyên
VRC,CTCP Bất động sản và Đầu tư VRC
EIC,CTCP EVN Quốc tế
SFG,CTCP Phân Bón Miền Nam
KLB,Ngân hàng TMCP Kiên Long
C21,CTCP Thế Kỷ 21 
VRE,CTCP Vincom Retail
HNI,CTCP May Hữu Nghị
CGV,CTCP Vinaceglass
PSC,CTCP Vận tải và Dịch vụ Petrolimex Sài Gòn
CSI,CTCP Chứng khoán Kiến thiết Việt Nam
VCC,CTCP Vinaconex 25
SD3,CTCP Sông Đà 3
HTG,Tổng Công ty cổ phần Dệt may Hòa Thọ
MGR,CTCP Tập đoàn MGROUP
CLW,CTCP Cấp nước Chợ Lớn
TOP,CTCP Phân phối Top One
TTA,CTCP Đầu tư Xây dựng và Phát triển Trường Thành
TNW,CTCP Nước sạch Thái Nguyên
DHT,CTCP Dược phẩm Hà Tây
TSD,CTCP Du lịch Trường Sơn COECCO
WCS,CTCP Bến xe Miền Tây
MES,CTCP Cơ điện Công trình
KSF,CTCP Tập đoàn Sunshine
DIG,Tổng Công ty cổ phần Đầu tư Phát triển Xây dựng
ICG,CTCP Xây dựng Sông Hồng
ILA,CTCP ILA
DDV,CTCP DAP - VINACHEM
TSG,CTCP Thông tin Tín hiệu Đường sắt Sài Gòn
IST,CTCP ICD Tân Cảng Sóng Thần
VXP,CTCP Thuốc Thú y Trung ương VETVACO
VHF,CTCP Xây dựng và Chế biến Lương thực Vĩnh Hà
NBW,CTCP Cấp nước Nhà Bè
NSC,CTCP Tập đoàn Giống cây trồng Việt Nam
TMW,CTCP Tổng hợp Gỗ Tân Mai
GPC,CTCP Tập đoàn Green+
CKA,CTCP Cơ Khí An Giang
TA6,CTCP Đầu tư và Xây lắp Thành An 665
BXH,CTCP VICEM Bao bì Hải Phòng
VC6,CTCP Xây dựng và Đầu tư Visicons
SJD,CTCP Thủy điện Cần Đơn
TGG,CTCP The Golden Group
ADC,CTCP Mỹ thuật và Truyền thông
CPI,CTCP Đầu tư Cảng Cái Lân
TNT,CTCP Tập đoàn TNT
CCI,CTCP Đầu tư Phát triển Công nghiệp Thương mại Củ Chi
VPD,CTCP Phát triển Điện lực Việt Nam
USD,CTCP Công trình Đô thị Sóc Trăng
NSH,CTCP Tập Đoàn Nhôm Sông Hồng Shalumi
HBC,CTCP Tập đoàn Xây dựng Hòa Bình
ANT,CTCP Rau quả Thực phẩm An Giang
VGV,Tổng Công ty Tư vấn Xây dựng Việt Nam - CTCP
BGE,CTCP BCG Energy
SHC,CTCP Hàng hải Sài Gòn
VTM,CTCP Vận tải và Đưa đón thợ mỏ - VINACOMIN
DSH,CTCP Đầu tư Hạ tầng Đông Sơn
UIC,CTCP Đầu tư Phát triển Nhà và Đô thị IDICO
VPS,CTCP Thuốc sát trùng Việt Nam 
VSA,CTCP Đại lý Hàng hải Việt Nam
SBB,CTCP Tập đoàn Bia Sài Gòn - Bình Tây
DXP,CTCP Cảng Đoạn Xá
ICI,CTCP Đầu tư và Xây dựng Công nghiệp
TUG,CTCP Lai Dắt và Vận tải Cảng Hải Phòng
AMV,CTCP Sản xuất Kinh doanh Dược và Trang thiết bị Y tế Việt Mỹ
NAC,CTCP Tư vấn Xây dựng Tổng hợp
FRC,CTCP Lâm đặc sản Xuất khẩu Quảng Nam
AAM,CTCP Thủy sản MeKong
DGC,CTCP Tập đoàn Hóa chất Đức Giang
SEB,CTCP Đầu tư và Phát triển Điện Miền Trung
BTW,CTCP Cấp nước Bến Thành
HAX,CTCP Dịch vụ Ô tô Hàng Xanh
AAT,CTCP Tập Đoàn Tiên Sơn Thanh Hóa 
PMG,CTCP Đầu tư và Sản xuất Petro Miền Trung
VDS,CTCP Chứng khoán Rồng Việt
TBW,CTCP Nước sạch Thái Bình
WSB,CTCP Bia Sài Gòn - Miền Tây
LTC,CTCP Điện nhẹ Viễn Thông
MGG,Tổng Công ty Đức Giang - CTCP
PRE,Tổng Công ty cổ phần Tái bảo hiểm Hà Nội
YTC,CTCP Xuất nhập khẩu Y tế Thành phố Hồ Chí Minh
SWC,Tổng Công ty cổ phần Đường sông Miền Nam
VJC,CTCP Hàng không Vietjet
VGL,CTCP Mạ Kẽm Công Nghiệp Vingal - Vnsteel
TQN,CTCP Thông Quảng Ninh
CIG,CTCP COMA 18
HAF,CTCP Thực phẩm Hà Nội
MRF,CTCP Merufa
SDU,CTCP Đầu tư Xây dựng và Phát triển Đô thị Sông Đà
HLA,CTCP Hữu Liên Á Châu
MTP,CTCP Dược Medipharco
SRB,CTCP Tập đoàn Sara
STB,Ngân hàng TMCP Sài Gòn Thương Tín
APH,CTCP Tập đoàn An Phát Holdings
BMD,CTCP Môi trường và Dịch vụ Đô thị Bình Thuận
PAT,CTCP Phốt Pho Apatit Việt Nam
FCN,CTCP FECON
DDM,CTCP Hàng Hải Đông Đô
HES,CTCP Dịch vụ Giải trí Hà Nội
BRR,CTCP Cao su Bà Rịa
ACL,CTCP Xuất nhập khẩu Thủy sản Cửu Long An Giang
HEV,CTCP Sách Đại học - Dạy nghề
PNJ,CTCP Vàng bạc Đá quý Phú Nhuận
DTG,CTCP Dược phẩm Tipharco
SJG,Tổng Công ty Sông Đà - CTCP
TPS,CTCP Bến Bãi Vận tải Sài Gòn
C69,CTCP Xây dựng 1369
BSP,CTCP Bia Sài Gòn - Phú Thọ
IBD,CTCP In Tổng hợp Bình Dương
TSJ,CTCP Du lịch Dịch vụ Hà Nội
NAB,Ngân hàng TMCP Nam Á
BMV,CTCP Bột mỳ Vinafood 1
ND2,CTCP Đầu tư và Phát triển Điện Miền Bắc 2
VWS,CTCP Nước và Môi Trường Việt Nam
KSD,CTCP Đầu tư DNA
PID,CTCP Trang Trí Nội Thất Dầu khí
BKC,CTCP Khoáng sản Bắc Kạn
EFI,CTCP Đầu tư Tài chính Giáo dục
HAN,Tổng Công ty Xây dựng Hà Nội - CTCP
NHT,CTCP Sản xuất và Thương mại Nam Hoa
PDV,CTCP Vận Tải Và Tiếp Vận Phương Đông Việt
NNC,CTCP Đá Núi Nhỏ
GIC,CTCP VSC Green Logistics
PVI,CTCP PVI
DHN,CTCP Dược phẩm Hà Nội
VCP,CTCP Xây Dựng Và Năng Lượng VCP
SC5,CTCP Xây dựng Số 5
UPS,CTCP Chứng khoán UP
DOP,CTCP Vận tải Xăng dầu Đồng Tháp
ISH,CTCP Thủy điện Srok Phu Miêng IDICO
SGN,CTCP Phục vụ Mặt đất Sài Gòn
FSO,CTCP Cơ khí đóng tàu Thủy sản Việt Nam
VFG,CTCP Khử trùng Việt Nam
VNB,CTCP Sách Việt Nam
CVN,CTCP Vinam
VBB,Ngân hàng TMCP Việt Nam Thương Tín
CMK,CTCP Cơ khí Mạo Khê - Vinacomin
GTS,CTCP Công trình Giao thông Sài Gòn
NLS,CTCP Cấp thoát nước Lạng Sơn
PGB,Ngân hàng TMCP Thịnh vượng và Phát triển
OCH,CTCP One Capital Hospitality
DXV,CTCP VICEM Vật liệu Xây dựng Đà Nẵng
VC2,CTCP Đầu tư và Xây dựng Vina2
GEL,CTCP Hạ tầng GELEX
SFN,CTCP Dệt lưới Sài Gòn
SBM,CTCP Đầu tư Phát triển Bắc Minh
SVC,CTCP Dịch vụ Tổng hợp Sài Gòn
TEG,CTCP Trường Thành Energy Group
RYG,CTCP Sản xuất và Đầu tư Hoàng Gia
THS,CTCP Thanh Hoa - Sông Đà
VSF,Tổng Công ty Lương thực Miền Nam - CTCP
LAW,CTCP Cấp thoát nước Long An
VTQ,CTCP Việt Trung Quảng Bình
PSW,CTCP Phân bón và Hóa chất Dầu khí Tây Nam Bộ
SJ1,CTCP Nông nghiệp Hùng Hậu
PPT,CTCP Petro Times
MPY,CTCP Môi trường Đô thị Phú Yên
SPV,CTCP Thủy Đặc sản
BQP,CTCP Nhựa Chất lượng cao Bình Thuận
PPC,CTCP Nhiệt điện Phả Lại
DAG,CTCP Tập đoàn Nhựa Đông Á
BSL,CTCP Bia Sài Gòn - Sông Lam
PVP,CTCP Vận tải Dầu khí Thái Bình Dương
VDP,CTCP Dược phẩm Trung ương VIDIPHA
VPW,CTCP Cấp thoát nước Số 1 Vĩnh Phúc
DMN,CTCP Domenal
CET,CTCP HTC Holding
AGG,CTCP Đầu tư và Phát triển Bất động sản An Gia
LHG,CTCP Long Hậu
VTC,CTCP Viễn thông VTC
LDW,CTCP Cấp thoát nước Lâm Đồng
PQN,CTCP Dịch vụ Dầu khí Quảng Ngãi PTSC
HAV,CTCP Rượu Hapro
HAR,CTCP Đầu tư Thương mại Bất động sản An Dương Thảo Điền
OGC,CTCP Tập đoàn Đại Dương
ACB,Ngân hàng TMCP Á Châu
TVD,CTCP Than Vàng Danh - Vinacomin
TDT,CTCP Đầu tư và Phát triển TDT
NKG,CTCP Thép Nam Kim
BTN,CTCP Đầu tư Bitco Bình Định
HMH,CTCP Hải Minh
VE4,CTCP Xây dựng Điện VNECO4
VE2,CTCP Xây dựng Điện VNECO 2
VXT,CTCP Kho vận và Dịch vụ Thương mại
SVH,CTCP Thủy điện Sông Vàng
QTC,CTCP Công trình Giao thông Vận tải Quảng Nam
TMB,CTCP Kinh doanh Than Miền Bắc - Vinacomin
X77,CTCP Thành An 77
DVC,CTCP Thương mại Dịch vụ Tổng hợp Cảng Hải Phòng
PXL,CTCP Đầu tư Khu Công nghiệp Dầu khí Long Sơn
CPC,CTCP Thuốc sát trùng Cần Thơ
ICT,CTCP Viễn thông - Tin học Bưu điện
BVS,CTCP Chứng khoán Bảo Việt
DNM,Tổng Công ty cổ phần Y tế DANAMECO
APG,CTCP Chứng khoán APG
SBV,CTCP Siam Brothers Việt Nam
GMD,CTCP Gemadept
TOT,CTCP Transimex Logistics
VIR,CTCP Du lịch Quốc tế Vũng Tàu
BIO,CTCP Vắc xin và Sinh phẩm Nha Trang
VSM,CTCP Container Miền Trung
GKM,CTCP GKM Holdings
DKG,CTCP Tập đoàn Damik
GCB,CTCP Petec Bình Định
DPC,CTCP Nhựa Đà Nẵng
HDB,Ngân hàng TMCP Phát triển Thành phố Hồ Chí Minh
HU4,CTCP Đầu tư và Xây dựng HUD4
SVN,CTCP Tập đoàn Vexilla Việt Nam
NUE,CTCP Môi trường Đô thị Nha Trang
BVH,Tập đoàn Bảo Việt
VIP,CTCP Vận tải Xăng dầu VIPCO
PTL,CTCP Victory Group
APT,CTCP Kinh doanh Thủy Hải Sản Sài Gòn
L63,CTCP Lilama 69-3
PMW,CTCP Cấp nước Phú Mỹ
HNF,CTCP Thực phẩm Hữu Nghị
MPC,CTCP Tập đoàn Thủy sản Minh Phú
HLO,CTCP Công nghệ Ha Lô
SKG,CTCP Tàu cao tốc Superdong - Kiên Giang
TNB,CTCP Thép Nhà Bè - VNSTEEL
DBM,CTCP Dược - Vật tư Y Tế Đăk Lăk
AGM,CTCP Xuất Nhập khẩu An Giang
VID,CTCP Đầu tư Phát triển Thương mại Viễn Đông
KHW,CTCP Cấp thoát nước Khánh Hòa
DTT,CTCP Kỹ nghệ Đô Thành
TAL,CTCP Đầu tư Bất động sản Taseco
TCH,CTCP Đầu tư Dịch vụ Tài chính Hoàng Huy
PVH,CTCP Xây lắp Dầu khí Thanh Hóa
PVT,Tổng Công ty cổ phần Vận tải Dầu khí
PJS,CTCP Cấp nước Phú Hòa Tân
BPC,CTCP VICEM Bao bì Bỉm Sơn
UNI,CTCP Đầu Tư Và Phát Triển Sao Mai Việt
ART,CTCP Chứng khoán ARTEX
UXC,CTCP Chế biến Thủy sản Út Xi
RTB,CTCP Cao su Tân Biên
QCC,CTCP Đầu tư Xây dựng và Phát triển Hạ tầng Viễn thông
GDA,CTCP Tôn Đông Á
FHN,CTCP Xuất nhập khẩu Lương thực Thực phẩm Hà Nội
HOM,CTCP Xi măng VICEM Hoàng Mai
VTG,CTCP Du lịch Tỉnh Bà Rịa - Vũng Tàu
TCW,CTCP Kho Vận Tân Cảng
PRO,CTCP Procimex Việt Nam
PBP,CTCP Bao bì Dầu khí Việt Nam
D2D,CTCP Phát triển Đô thị Công nghiệp số 2
G36,Tổng Công ty 36 - CTCP
LNC,CTCP Lệ Ninh
TIN,Công Ty Tài chính tổng hợp cổ phần Tín Việt
HVA,CTCP Đầu tư HVA
SJS,CTCP SJ Group
TBD,Tổng Công ty Thiết bị Điện Đông Anh - CTCP
AGR,CTCP Chứng khoán Agribank
DPR,CTCP Cao su Đồng Phú
HII,CTCP An Tiến Industries
DSG,CTCP Kính Đáp Cầu
ICF,CTCP Đầu tư Thương mại Thủy sản
IDV,CTCP Phát triển Hạ tầng Vĩnh Phúc
DPM,Tổng Công ty Phân bón và Hóa chất Dầu khí - CTCP
ASP,CTCP Tập đoàn Dầu khí An Pha
IDJ,CTCP Đầu tư IDJ Việt Nam
SHI,CTCP Quốc tế Sơn Hà
SZG,CTCP Sonadezi Giang Điền
TMP,CTCP Thủy điện Thác Mơ
HU6,CTCP Đầu tư Phát triển Nhà và Đô thị HUD6
PBC,CTCP Dược phẩm Trung ương I - Pharbaco
TTS,CTCP Cán Thép Thái Trung
LEC,CTCP Bất động sản Điện lực Miền Trung
CNA,CTCP Tổng Công ty Chè Nghệ An
DC4,CTCP DICERA Holdings
SFC,CTCP Nhiên liệu Sài Gòn
TDP,CTCP Thuận Đức
ODE,CTCP Tập đoàn Truyền thông và Giải trí ODE
GEE,CTCP Điện lực Gelex
VHC,CTCP Vĩnh Hoàn
E29,CTCP Đầu tư Xây dựng và Kỹ thuật 29
HPB,CTCP Bao bì PP
DLG,CTCP Tập đoàn Đức Long Gia Lai
ADG,CTCP Clever Group
MVB,Tổng Công ty Công nghiệp mỏ Việt Bắc TKV - CTCP
DOC,CTCP Vật tư Nông Nghiệp Đồng Nai
HPM,CTCP Xây dựng Thương mại và Khoáng Sản Hoàng Phúc
PFL,CTCP Dầu khí Đông Đô
CJC,CTCP Cơ điện Miền Trung
DCM,CTCP - Tổng công ty Phân bón Dầu khí Cà Mau
HVX,CTCP Xi măng VICEM Hải Vân
NLG,CTCP Đầu tư Nam Long
PPY,CTCP Xăng dầu Dầu khí Phú Yên
HGT,CTCP Du lịch Hương Giang
CIP,CTCP Xây lắp và Sản xuất Công nghiệp
PMT,CTCP Viễn thông TELVINA Việt Nam
SFI,CTCP Đại lý Vận tải SAFI
KTC,CTCP Thương mại Kiên Giang
ITS,CTCP Đầu tư Thương mại và Dịch vụ - Vinacomin
CDR,CTCP Xây dựng Cao su Đồng Nai
MTH,CTCP Môi trường Đô thị Hà Đông
PSP,CTCP Cảng Dịch vụ Dầu khí Đình Vũ
FGL,CTCP Cà phê Gia Lai
PLX,Tập đoàn Xăng Dầu Việt Nam
CTT,CTCP Chế tạo Máy - Vinacomin
DL1,CTCP Tập đoàn Alpha Seven
AVC,CTCP Thủy điện A Vương
PTH,CTCP Vận tải và Dịch vụ Petrolimex Hà Tây
HDG,CTCP Tập đoàn Hà Đô
PET,Tổng Công ty cổ phần Dịch vụ Tổng hợp Dầu khí
VET,CTCP Thuốc thú y Trung ương Navetco
MTV,CTCP Dịch vụ Môi trường và Công trình Đô thị Vũng Tàu
IRC,CTCP Cao su Công nghiệp
AST,CTCP Dịch vụ Hàng không Taseco
TT6,CTCP Tập đoàn Tiến Thịnh
TDH,CTCP Phát triển Nhà Thủ Đức
VTZ,CTCP Sản xuất và Thương mại Nhựa Việt Thành
BTV,CTCP Dịch vụ Du lịch Bến Thành
TYA,CTCP Dây và Cáp Điện Taya Việt Nam
VEA,Tổng Công ty Máy động lực và Máy nông nghiệp Việt Nam – CTCP
CMC,CTCP Đầu tư CMC
HVH,CTCP Đầu tư và Công nghệ HVC
HTI,CTCP Đầu tư Phát triển Hạ tầng IDICO
M10,Tổng Công ty May 10 - CTCP
PDN,CTCP Cảng Đồng Nai
TLH,CTCP Tập đoàn Thép Tiến Lên
ABI,CTCP Bảo hiểm Ngân hàng Nông nghiệp Việt Nam
TA9,CTCP Xây lắp Thành An 96
PVB,CTCP Bọc ống Dầu khí Việt Nam
SDY,CTCP Xi măng Sông Đà Yaly
SNZ,Tổng Công ty cổ phần Phát triển Khu Công nghiệp
NXT,CTCP Sản xuất và Cung ứng Vật liệu Xây dựng Kon Tum
KDH,CTCP Đầu tư và Kinh doanh Nhà Khang Điền
PCT,CTCP Vận tải biển Global Pacific
VMG,CTCP Thương mại và Dịch vụ Dầu khí Vũng Tàu
HKB,CTCP Nông nghiệp và Thực phẩm Hà Nội - Kinh Bắc
HD6,CTCP Đầu tư và Phát triển Nhà Số 6 Hà Nội
LGL,CTCP Đầu tư và Phát triển Đô thị Long Giang
PTC,CTCP Đầu Tư Icapital
DHC,CTCP Đông Hải Bến Tre
TKC,CTCP Xây dựng và Kinh doanh Địa ốc Tân Kỷ
CTP,CTCP Tập đoàn CTP Group
CDO,CTCP Tư vấn Thiết kế và Phát triển Đô thị
NDW,CTCP Cấp nước Nam Định
CLX,CTCP Xuất nhập khẩu và Đầu tư Chợ Lớn (CHOLIMEX)
MDF,CTCP Gỗ MDF VRG - Quảng Trị
SMT,CTCP Sametel
GLW,CTCP Cấp thoát nước Gia Lai
VNE,Tổng Công ty cổ phần Xây dựng Điện Việt Nam
LBE,CTCP Thương mại và Dịch vụ LVA
MTS,CTCP Vật tư - TKV
PNC,CTCP Văn hóa Phương Nam
IFS,CTCP Thực phẩm Quốc tế
CMS,CTCP Tập Đoàn CMH Việt Nam
DQC,CTCP Tập đoàn Điện Quang
BWE,CTCP - Tổng công ty nước - môi trường Bình Dương
PPP,CTCP Dược phẩm Phong Phú
BMJ,CTCP Khoáng sản Miền Đông AHP
VNM,CTCP Sữa Việt Nam
BCP,CTCP Dược ENLIE
PIS,Tổng Công ty Pisico Bình Định - CTCP
DPG,CTCP Tập đoàn Đạt Phương
STT,CTCP Vận chuyển Sài Gòn Tourist
VCT,CTCP Tư vấn Xây dựng Vinaconex
PNT,CTCP Kỹ thuật Xây dựng Phú Nhuận
AFX,CTCP Xuất nhập khẩu Nông sản Thực phẩm An Giang
RCL,CTCP Địa ốc Chợ Lớn
VOS,CTCP Vận tải Biển Việt Nam
LKW,CTCP Cấp nước Long Khánh
ALC,CTCP Âu Lạc
ILB,CTCP ICD Tân Cảng - Long Bình
HTL,CTCP Kỹ thuật và Ô tô Trường Long
APC,CTCP Chiếu xạ An Phú
HD2,CTCP Đầu tư Phát triển Nhà HUD2
VTH,CTCP Dây cáp Điện Việt Thái
SRA,CTCP Sara Việt Nam
DAD,CTCP Đầu tư và Phát triển Giáo dục Đà Nẵng
PDR,CTCP Phát triển Bất động sản Phát Đạt
TXM,CTCP VICEM Thạch cao Xi măng
DHD,CTCP Dược Vật tư Y tế Hải Dương
MWG,CTCP Đầu tư Thế giới Di động
SBG,CTCP Tập đoàn Cơ khí Công nghệ cao Siba
SSN,CTCP Xuất nhập khẩu Thủy sản Sài Gòn
TRV,CTCP Vận tải Đường sắt
HDM,CTCP Dệt may Huế
PVG,CTCP Kinh doanh LPG Việt Nam
VTB,CTCP Viettronics Tân Bình
VES,CTCP Đầu tư và Xây dựng Điện Mê Ca Vneco
L40,CTCP Đầu Tư và Xây dựng 40
VTI,CTCP Sản xuất - Xuất nhập khẩu Dệt may
VBC,CTCP Nhựa - Bao bì Vinh
L61,CTCP Lilama 69-1
NED,CTCP Đầu tư và Phát triển Điện Tây Bắc
OIL,Tổng Công ty Dầu Việt Nam - CTCP
MHC,CTCP MHC
GVT,CTCP Giấy Việt Trì
NO1,CTCP Tập đoàn 911
TTE,CTCP Đầu tư Năng lượng Trường Thịnh
HCC,CTCP Bê tông Hòa Cầm - Intimex
NSS,CTCP Nông Súc Sản Đồng Nai
MFS,CTCP Dịch vụ Kỹ thuật Mobifone
DIC,CTCP Đầu tư và Thương mại DIC
KDM,CTCP Tập Đoàn GCL
SHA,CTCP Sơn Hà Sài Gòn
TSA,CTCP Đầu tư và Xây lắp Trường Sơn
VCA,CTCP Thép VICASA 
SEA,Tổng Công ty Thủy sản Việt Nam - CTCP
SGP,CTCP Cảng Sài Gòn
MTB,CTCP Môi trường và Công trình Đô thị Tỉnh Thái Bình
GMA,CTCP G-Automobile
HPP,CTCP Sơn Hải Phòng
BTU,CTCP Công trình Đô thị Bến Tre
BIG,CTCP Đầu tư Big Group Holdings
POS,CTCP Vận hành và Xây lắp PTSC
KOS,CTCP KOSY
HMR,CTCP Đá Hoàng Mai
MLC,CTCP Môi trường Đô thị Tỉnh Lào Cai
GER,CTCP Thể thao Ngôi sao Geru
TCL,CTCP Đại lý Giao nhận Vận tải Xếp dỡ Tân Cảng
THM,CTCP Tứ Hải Hà Nam
BNW,CTCP Nước sạch Bắc Ninh
SDC,CTCP Tư vấn Sông Đà
PHR,CTCP Cao su Phước Hòa
PTE,CTCP Xi măng Phú Thọ
SCI,CTCP SCI E&C
SPH,CTCP Xuất nhập khẩu Thủy sản Hà Nội
THD,CTCP Thaiholdings
PWA,CTCP Bất động sản Dầu khí
NGC,CTCP Chế biến Thủy sản xuất khẩu Ngô Quyền
CDC,CTCP Chương Dương
PVS,Tổng Công ty cổ phần Dịch vụ Kỹ thuật Dầu khí Việt Nam
HHC,CTCP Bánh kẹo Hải Hà 
DBD,CTCP Dược - Trang thiết bị Y tế Bình Định (Bidiphar)
UPH,CTCP Dược phẩm TW 25
RCD,CTCP  Xây dựng - Địa ốc Cao su
X20,CTCP X20
SDV,CTCP Dịch vụ Sonadezi
PJT,CTCP Vận tải Xăng dầu Đường Thủy Petrolimex
DTA,CTCP Đệ Tam
SJE,CTCP Sông Đà 11
FMC,CTCP Thực phẩm Sao Ta
DZM,CTCP Cơ điện Dzĩ An
NVP,CTCP Nước sạch Vĩnh Phúc
BHN,Tổng Công ty cổ phần Bia - Rượu - Nước giải khát Hà Nội
DSP,CTCP Dịch vụ Du lịch Phú Thọ
VFS,CTCP Chứng khoán Nhất Việt
CAP,CTCP Lâm Nông sản Thực phẩm Yên Bái
STW,CTCP Cấp nước Sóc Trăng
L18,CTCP Đầu tư và Xây dựng Số 18
QCG,CTCP Quốc Cường Gia Lai
SBD,CTCP Công nghệ Sao Bắc Đẩu
PGC,Tổng Công ty Gas Petrolimex - CTCP
PGT,CTCP PGT Holdings
SPM,CTCP SPM
NHA,Tổng Công ty Đầu tư Phát triển Nhà và Đô thị Nam Hà Nội
MIE,Tổng Công ty Máy và Thiết bị Công nghiệp - CTCP
SBT,CTCP Thành Thành Công - Biên Hòa
SGB,Ngân hàng TMCP Sài Gòn Công Thương
SRC,CTCP Cao su Sao Vàng
SD6,CTCP Sông Đà 6
CTI,CTCP Đầu tư Phát triển Cường Thuận IDICO
PXS,CTCP Kết cấu Kim loại và Lắp máy Dầu khí
API,CTCP Đầu tư Châu Á - Thái Bình Dương
DIH,CTCP Đầu tư Phát triển Xây dựng - Hội An
CCM,CTCP khoáng sản và Xi măng Cần Thơ
VND,CTCP Chứng khoán VNDIRECT
MCP,CTCP In và Bao bì Mỹ Châu
THN,CTCP Cấp nước Thanh Hóa
TCB,Ngân hàng TMCP Kỹ thương Việt Nam
D11,CTCP Địa ốc 11
DBC,CTCP Tập đoàn Dabaco Việt Nam
KHG,CTCP Tập đoàn Khải Hoàn Land
CPA,CTCP Cà phê Phước An
PTM,CTCP Sản xuất Thương mại và Dịch vụ Ô tô PTM
GMX,CTCP Gạch ngói Gốm Xây dựng Mỹ Xuân
DRH,CTCP DRH Holdings
PSH,CTCP Thương mại Đầu tư Dầu khí Nam Sông Hậu
TVM,CTCP Tư vấn Đầu tư mỏ và Công Nghiệp - Vinacomin
NTW,CTCP Cấp nước Nhơn Trạch
VNL,CTCP Logistics Vinalink
SGT,CTCP Công nghệ Viễn Thông Sài Gòn
PHN,CTCP Pin Hà Nội
BSI,CTCP Chứng khoán BIDV
BOT,CTCP BOT Cầu Thái Hà
LAS,CTCP Supe Phốt phát và Hóa chất Lâm Thao
SJF,CTCP Đầu tư Sao Thái Dương
BHI,Tổng Công ty cổ phần Bảo hiểm Sài Gòn - Hà Nội
SHN,CTCP Đầu tư Tổng hợp Hà Nội
PEQ,CTCP Thiết bị Xăng dầu Petrolimex
NBC,CTCP Than Núi Béo - Vinacomin
VGS,CTCP Ống thép Việt - Đức VG PIPE
CNN,"CTCP Tư vấn Công nghệ, Thiết bị và Kiểm Định Xây dựng - Coninco"
MCF,CTCP Xây lắp Cơ khí và Lương thực Thực phẩm
HJS,CTCP Thủy điện Nậm Mu
DWS,CTCP Cấp nước và Môi trường đô thị Đồng Tháp
HLD,CTCP Đầu tư và Phát triển Bất động sản Hudland
HSG,CTCP Tập đoàn Hoa Sen
CNC,CTCP Công nghệ Cao Traphaco
X26,CTCP 26
PAI,CTCP Công nghệ thông tin Viễn thông và Tự động hóa Dầu Khí
SCJ,CTCP Xi măng Sài Sơn
TVA,CTCP Sứ Viglacera Thanh Trì
SZE,CTCP Môi trường Sonadezi
TMS,CTCP Transimex
PAS,CTCP Quốc tế Phương Anh
C4G,CTCP Tập đoàn CIENCO4
XHC,CTCP Xuân Hòa Việt Nam
KKC,CTCP Tập Đoàn Thành Thái
BIC,Tổng Công ty cổ phần Bảo hiểm Ngân hàng Đầu tư và Phát triển Việt Nam
HUT,CTCP Tasco
SKN,CTCP Nước giải khát Sanna Khánh Hòa
KMT,CTCP Kim khí Miền Trung
BRS,CTCP Dịch vụ Đô thị Bà Rịa
HND,CTCP Nhiệt điện Hải Phòng
DTH,CTCP Dược - Vật tư Y Tế Thanh Hóa
ACM,CTCP Tập đoàn Khoáng sản Á Cường
PEN,CTCP Xây lắp III Petrolimex
BMS,CTCP Chứng khoán Bảo Minh
LCG,CTCP Lizen
HCM,CTCP Chứng khoán Thành phố Hồ Chí Minh
SBA,CTCP Sông Ba
EVF,Công ty Tài chính Tổng hợp Cổ phần Điện lực
LAI,CTCP Đầu Tư Xây dựng Long An IDICO
VIB,Ngân hàng TMCP Quốc tế Việt Nam
PVY,CTCP Chế tạo Giàn khoan Dầu khí
AAA,CTCP Nhựa An Phát Xanh
TR1,CTCP Vận Tải 1 Traco
L45,CTCP Lilama 45.1
HAH,CTCP Vận tải và Xếp dỡ Hải An
VDL,CTCP Thực phẩm Lâm Đồng
VMD,CTCP Y Dược phẩm Vimedimex
GLC,CTCP Vàng Lào Cai
HSV,CTCP Tập đoàn HSV Việt Nam
CAR,CTCP Tập đoàn Giáo dục Trí Việt
HD8,CTCP Đầu tư Phát triển Nhà và Đô thị HUD8
KDC,CTCP Tập đoàn KIDO
SCG,CTCP Tập đoàn Xây dựng SCG
EVE,CTCP Everpia
LO5,CTCP Lilama 5
FCC,CTCP Liên hợp Thực phẩm
SD9,CTCP Sông Đà 9
VAV,CTCP VIWACO
PRT,Tổng Công ty Sản xuất - Xuất nhập khẩu Bình Dương - CTCP
PTX,CTCP Vận tải và Dịch vụ Petrolimex Nghệ Tĩnh
BBM,CTCP Bia Hà Nội - Nam Định
SSB,Ngân hàng TMCP Đông Nam Á
SAB,Tổng Công ty cổ phần Bia - Rượu - Nước giải khát Sài Gòn
TV2,CTCP Tư vấn Xây dựng Điện 2
VNZ,CTCP Tập đoàn VNG 
NAS,CTCP Dịch vụ Hàng không Sân bay Việt Nam
NCS,CTCP Suất ăn Hàng không Nội Bài
CIA,CTCP Dịch vụ Sân bay Quốc tế Cam Ranh
CSM,CTCP Công nghiệp Cao su Miền Nam
SCS,CTCP Dịch vụ Hàng hóa Sài Gòn
NDN,CTCP Đầu tư Phát triển Nhà Đà Nẵng
HPD,CTCP Thủy điện ĐăK Đoa
HHG,CTCP Hoàng Hà
QNW,CTCP Cấp thoát nước và Xây dựng Quảng Ngãi
TET,CTCP Vải sợi May mặc Miền Bắc
PVX,Tổng Công ty cổ phần Xây lắp Dầu khí Việt Nam
SMC,CTCP Đầu tư Thương mại SMC
KHX,CTCP Phát hành sách Khánh Hòa
DAH,CTCP Tập đoàn Khách sạn Đông Á
EIB,Ngân hàng TMCP Xuất nhập khẩu Việt Nam
FTS,CTCP Chứng khoán FPT
KTL,CTCP Kim Khí Thăng Long
HLB,CTCP Bia và Nước giải khát Hạ Long
SBH,CTCP Thủy điện Sông Ba Hạ
TL4,Tổng Công ty cổ phần Xây dựng Thủy Lợi 4 - CTCP
FOC,CTCP Dịch vụ Trực tuyến FPT
SCO,CTCP Công nghiệp Thủy sản
EVS,CTCP Chứng khoán EVS
BBT,CTCP Bông Bạch Tuyết
LM3,CTCP Lilama 3
NVL,CTCP Tập đoàn Đầu tư Địa ốc No Va 
HEP,CTCP Môi trường và Công trình Đô thị Huế
VKC,CTCP VKC Holdings 
CKD,CTCP Cơ khí Đông Anh LICOGI
S72,CTCP Sông Đà 7.02
AIG,CTCP Nguyên liệu Á Châu AIG
THW,CTCP Cấp nước Tân Hòa
VSG,CTCP Container Phía Nam
PBT,CTCP Bao bì và Thương mại dầu khí Bình Sơn
HNR,CTCP Rượu và Nước giải khát Hà Nội
DLT,CTCP Du lịch và Thương mại - Vinacomin
BFC,CTCP Phân bón Bình Điền
PPS,CTCP Dịch vụ Kỹ thuật Điện lực Dầu khí Việt Nam
TTG,CTCP May Thanh Trì
DAE,CTCP Sách Giáo dục tại Thành phố Đà Nẵng
FDC,CTCP Ngoại thương và  Phát triển Đầu tư Thành phố Hồ Chí Minh
CEO,CTCP Tập đoàn C.E.O
AMS,CTCP Cơ khí Xây dựng AMECC
STG,CTCP Kho vận Miền Nam
PPI,CTCP Đầu tư và Phát triển Dự án Hạ tầng Thái Bình Dương
TSB,CTCP Ắc quy Tia Sáng
GGG,CTCP Ô tô Giải Phóng
DP2,CTCP Dược phẩm Trung ương 2
TCK,Tổng Công ty Cơ khí Xây dựng - CTCP
CKG,CTCP Tập đoàn CIC
CKV,CTCP COKYVINA
HQC,CTCP Tư vấn Thương mại Dịch vụ Địa Ốc Hoàng Quân
CSC,CTCP Tập đoàn Cotana
PXM,CTCP Xây lắp Dầu khí Miền Trung
SSF,CTCP Giáo dục G Sài Gòn
BVB,Ngân hàng TMCP Bản Việt
SSI,CTCP Chứng khoán SSI
PPH,Tổng Công ty cổ phần Phong Phú
BMF,CTCP Vật liệu Xây dựng và Chất đốt Đồng Nai
CT6,CTCP Công trình 6
HNM,CTCP Sữa Hà Nội
CMD,CTCP Vật liệu Xây dựng và Trang trí nội thất Thành phố Hồ Chí Minh
VIC,Tập đoàn VINGROUP - CTCP
DTC,CTCP Viglacera Đông Triều
FCS,CTCP Lương thực Thành phố Hồ Chí Minh
GH3,CTCP Công trình Giao thông Hà Nội
DTK,Tổng Công ty Điện lực TKV - CTCP
RDP,CTCP Rạng Đông Holding
TNA,CTCP Thương mại Xuất nhập khẩu Thiên Nam
VW3,CTCP Viwaseen3
HLS,CTCP Sứ Kỹ thuật Hoàng Liên Sơn
MSH,CTCP May Sông Hồng
NSL,CTCP Cấp nước Sơn La
MNB,Tổng Công ty May Nhà Bè - CTCP
KHD,CTCP Khai thác Chế biến Khoáng sản Hải Dương
HCT,CTCP Thương mại Dịch vụ Vận tải Xi măng Hải Phòng
TCM,CTCP Dệt may - Đầu tư - Thương mại Thành Công
POV,CTCP Xăng dầu Dầu khí Vũng Áng
VLS,CTCP Sản xuất Thép Việt Long
TDC,CTCP Kinh doanh và Phát triển Bình Dương
KHP,CTCP Điện lực Khánh Hòa
SVG,CTCP Hơi Kỹ nghệ Que hàn
SD2,CTCP Sông Đà 2
NBE,CTCP Sách và Thiết bị Giáo dục Miền Bắc
VPR,CTCP VinaPrint
MST,CTCP Đầu tư MST
CCA,CTCP Xuất nhập khẩu Thuỷ sản Cần Thơ
ICC,CTCP Xây dựng Công nghiệp (ICC)
PVR,CTCP Đầu tư PVR Hà Nội
SGI,CTCP Đầu tư SGI Holdings
MSR,CTCP Masan High-Tech Materials
ANV,CTCP Nam Việt
EID,CTCP Đầu tư và Phát triển Giáo dục Hà Nội
AAS,CTCP Chứng khoán SmartInvest 
VNG,CTCP Du lịch Thành Thành Công
NAF,CTCP Nafoods Group
BTD,CTCP Bê tông Ly tâm Thủ Đức
YBM,CTCP YBM
TKA,CTCP Bao bì Tân Khánh An
CLC,CTCP Cát Lợi
HFB,CTCP Công trình Cầu phà Thành phố Hồ Chí Minh
BEL,CTCP Điện tử Biên Hòa
FIR,CTCP Địa ốc First Real
PSG,CTCP Đầu Tư và Xây lắp Dầu khí Sài Gòn
KHS,CTCP Kiên Hùng
CMM,CTCP Camimex
VGI,Tổng Công ty cổ phần Đầu tư Quốc tế Viettel
VGT,Tập đoàn Dệt May Việt Nam
GDW,CTCP Cấp nước Gia Định
VE9,CTCP Đầu tư và Xây dựng VNECO 9
ABR,CTCP Đầu tư Nhãn hiệu Việt
CQN,CTCP Cảng Quảng Ninh
PND,CTCP Xăng dầu Dầu khí Nam Định
VIF,Tổng Công ty Lâm nghiệp Việt Nam - CTCP
L35,CTCP Cơ khí Lắp máy Lilama
PVL,CTCP Địa ốc Dầu khí
TTL,Tổng Công ty Thăng Long - CTCP
SMA,CTCP Thiết bị Phụ tùng Sài Gòn
TCJ,CTCP Tô Châu
FRT,CTCP Bán lẻ Kỹ thuật số FPT
TOW,CTCP Cấp nước Trà Nóc - Ô Môn
MAS,CTCP Dịch vụ Hàng không Sân bay Đà Nẵng
DRI,CTCP Đầu tư Cao su Đắk Lắk
CH5,CTCP Xây dựng Số 5 Hà Nội
SDK,CTCP Cơ khí Luyện kim
WTC,CTCP Vận tải Thủy - Vinacomin
SHB,Ngân hàng TMCP Sài Gòn - Hà Nội
BVG,CTCP Group Bắc Việt
ILC,CTCP Hợp tác Lao động với nước ngoài
QTP,CTCP Nhiệt điện Quảng Ninh
ACG,CTCP Gỗ An Cường
BRC,CTCP Cao su Bến Thành
CST,CTCP Than Cao Sơn - TKV
PCH,CTCP Nhựa Picomat
CC1,Tổng Công ty Xây dựng Số 1 - CTCP
HMD,CTCP Hóa chất Minh Đức
DSE,CTCP Chứng khoán DNSE
MCC,CTCP Gạch ngói Cao cấp
DNE,CTCP Môi trường Đô thị Đà Nẵng
IN4,CTCP In Số 4
KSQ,CTCP CNC Capital Việt Nam
EME,CTCP Điện cơ
AVF,CTCP Việt An
PTO,CTCP Dịch vụ - Xây dựng Công trình Bưu Điện
CCL,CTCP Đầu tư và Phát triển Đô thị Dầu khí Cửu Long
PSD,CTCP Dịch vụ Phân phối Tổng hợp Dầu khí
ATG,CTCP ATG Planet
VTJ,CTCP Thương mại và Đầu tư VI NA TA BA
PRC,CTCP Logistics Portserco
DXG,CTCP Tập đoàn Đất Xanh
CSV,CTCP Hóa chất Cơ bản Miền Nam
BTS,CTCP Xi măng VICEM Bút Sơn
SHS,CTCP Chứng khoán Sài Gòn - Hà Nội
MED,CTCP Dược Trung ương Mediplantex
POM,CTCP Thép Pomina
NBB,CTCP Đầu tư Năm Bảy Bảy
SGR,CTCP Tổng CTCP Địa ốc Sài Gòn
LGC,CTCP Đầu tư Cầu đường CII
DVM,CTCP Dược liệu Việt Nam
PIT,CTCP Xuất nhập khẩu Petrolimex
NHV,CTCP Sức Khỏe Hồi Sinh Việt Nam
QPH,CTCP Thủy điện Quế Phong
UDL,CTCP Đô thị và Môi trường Đắk Lắk
CTB,CTCP Chế tạo Bơm Hải Dương
PPE,CTCP Tư vấn đầu tư PP Enterprise
REE,CTCP Cơ Điện Lạnh
SMN,CTCP Sách và Thiết bị Giáo dục Miền Nam
HRB,CTCP Harec Đầu tư và Thương mại
MCO,CTCP Đầu tư và Xây dựng BDC Việt Nam
TCR,CTCP Công nghiệp Gốm sứ Taicera
TW3,CTCP Dược Trung ương 3
STS,CTCP Dịch vụ Vận tải Sài Gòn
AGP,CTCP Dược phẩm Agimexpharm
HSA,CTCP Hestia
VXB,CTCP Vật liệu Xây dựng Bến Tre
VMS,CTCP Phát triển Hàng Hải
HRC,CTCP Cao su Hòa Bình
ORS,CTCP Chứng khoán Tiên Phong
HPI,CTCP Khu công nghiệp Hiệp Phước
VEF,CTCP Trung tâm Hội chợ Triển lãm Việt Nam
VMC,CTCP Vimeco
DID,CTCP DIC - Đồng Tiến
NET,CTCP Bột giặt NET
VTP,Tổng Công ty cổ phần Bưu chính Viettel
NAP,CTCP Cảng Nghệ Tĩnh
TS3,CTCP Trường Sơn 532
CX8,CTCP Đầu tư và Xây lắp Constrexim Số 8
BAL,CTCP Bao bì Bia - Rượu - Nước giải khát
FTM,CTCP Đầu tư và Phát triển Đức Quân
DDN,CTCP Dược và Thiết bị Y tế Đà Nẵng
SDN,CTCP Sơn Đồng Nai
UPC,CTCP Phát triển Công viên Cây xanh và Đô thị Vũng Tàu
HUB,CTCP Xây lắp Thừa Thiên Huế
GTD,CTCP Giầy Thượng Đình
EVG,CTCP Tập đoàn EverLand
BCV,CTCP Du lịch và Thương mại Bằng Giang Cao Bằng - Vimico
TNG,CTCP Đầu tư và Thương mại TNG
SEP,CTCP Tổng Công ty Thương mại Quảng Trị
CRC,CTCP Create Capital Việt Nam
BSR,CTCP Lọc hóa Dầu Bình Sơn
SGC,CTCP Xuất nhập khẩu Sa Giang
COM,CTCP Vật tư - Xăng Dầu
TTF,CTCP Tập đoàn Kỹ nghệ gỗ Trường Thành
TV3,CTCP Tư vấn Xây dựng Điện 3
LBM,CTCP Khoáng sản và Vật liệu Xây dựng Lâm Đồng
VLA,CTCP Đầu tư và Phát triển Công nghệ Văn Lang
DS3,CTCP DS3
ACE,CTCP Bê tông Ly tâm An Giang
ISG,CTCP Vận tải biển và Hợp tác Lao động Quốc tế
PWS,CTCP Cấp thoát nước Phú Yên
S55,CTCP Sông Đà 505
OPC,CTCP Dược phẩm OPC
LSS,CTCP Mía Đường Lam Sơn
LMI,CTCP Đầu tư Xây dựng Lắp máy IDICO
MTA,Tổng Công ty Khoáng sản và Thương mại Hà Tĩnh - CTCP
DHB,CTCP Phân đạm và Hóa chất Hà Bắc
BID,Ngân hàng TMCP Đầu tư và Phát triển Việt Nam
PVM,CTCP Máy - Thiết bị Dầu khí
MGC,CTCP Địa chất mỏ - TKV
DWC,CTCP Cấp nước Đắk Lắk
FHS,CTCP Phát hành Sách Thành phố Hồ Chí Minh
DTI,CTCP Đầu tư Đức Trung
AGX,CTCP Thực phẩm Nông Sản xuất khẩu Sài Gòn
QSP,CTCP Tân Cảng Quy Nhơn
HTT,CTCP Thương mại Hà Tây
TBR,CTCP Địa ốc Tân Bình
NHC,CTCP Gạch ngói Nhị Hiệp
VCB,Ngân hàng TMCP Ngoại thương Việt Nam
DKC,CTCP Chợ Lạng Sơn
VPH,CTCP Vạn Phát Hưng
CTS,CTCP Chứng khoán VietinBank
TRT,CTCP RedstarCera
PV2,CTCP Đầu tư PV2
HAT,CTCP Thương mại Bia Hà Nội
TED,Tổng công ty Tư vấn thiết kế Giao thông vận tải - CТСР
BT1,CTCP Bảo vệ Thực vật 1 Trung Ương
VPL,CTCP Vinpearl
TCT,CTCP Cáp treo Núi Bà Tây Ninh
MSB,Ngân hàng TMCP Hàng hải Việt Nam
BWA,CTCP Cấp thoát nước và Xây dựng Bảo Lộc
VIT,CTCP Viglacera Tiên Sơn
LDP,CTCP Dược Lâm Đồng (Ladophar)
VQC,CTCP Giám định - Vinacomin
TVG,CTCP Tư vấn Đầu tư và Xây dựng Giao thông Vận tải
BWS,CTCP Cấp nước Bà Rịa - Vũng Tàu
YEG,CTCP Tập đoàn Yeah1
HTC,CTCP Thương mại Hóc Môn
HLC,CTCP Than Hà Lầm - Vinacomin
MPT,CTCP Tập đoàn MPT
PC1,CTCP Tập Đoàn PC1
PGV,Tổng Công ty Phát điện 3 - CTCP
HAC,CTCP Chứng khoán Hải Phòng
ABW,CTCP Chứng khoán An Bình
JVC,CTCP Đầu tư Y tế - Dược phẩm Việt Nam
HNB,CTCP Bến xe Hà Nội
VMT,CTCP Giao nhận Vận tải miền Trung
SAL,CTCP Trục vớt Cứu hộ Việt Nam
VC9,CTCP Xây dựng số 9 - VC9
VIM,CTCP Khoáng sản Viglacera
TVC,CTCP Tập đoàn Quản lý tài sản T-Corp
NCT,CTCP Dịch vụ Hàng hóa Nội Bài
MKV,CTCP Dược thú Y Cai Lậy
CK8,CTCP Cơ khí 120
CAN,CTCP Đồ hộp Hạ Long
PGN,CTCP Phụ Gia Nhựa
BCB,CTCP 397
HHP,CTCP HHP Global
VCK,CTCP Chứng khoán VPS
VNY,CTCP Thuốc thú y Trung ương I
CQT,CTCP Xi măng Quán Triều VVMI
GLT,CTCP Kỹ thuật Điện Toàn cầu
VAB,Ngân hàng TMCP Việt Á
NCG,CTCP Tập đoàn Nova Consumer
MCH,CTCP Hàng tiêu dùng Masan
VLW,CTCP Cấp nước Vĩnh Long
DUS,CTCP Dịch vụ Đô thị Đà Lạt
CYC,CTCP Gạch men Chang Yih
DSD,CTCP DHC Suối Đôi
PGS,CTCP Kinh doanh Khí Miền Nam
TID,CTCP Tổng Công ty Tín Nghĩa
TCI,CTCP Chứng khoán Thành Công
BCC,CTCP Xi măng Bỉm Sơn
SDD,CTCP Đầu tư và Xây lắp Sông Đà
ASG,CTCP Tập đoàn ASG
INC,CTCP Tư vấn Đầu tư IDICO
TMG,CTCP Kim loại màu Thái Nguyên - Vimico
SSM,CTCP Chế tạo kết cấu Thép Vneco.SSM
TD6,CTCP Than Đèo Nai - Cọc Sáu - TKV
VNT,CTCP Giao nhận Vận tải Ngoại thương
UDC,CTCP Đầu tư Xây dựng UDCons
THG,CTCP Đầu tư và Xây dựng Tiền Giang
LPT,CTCP Thương mại và Sản xuất Lập Phương Thành
BAB,Ngân hàng TMCP Bắc Á
BAX,CTCP Thống Nhất
DRL,CTCP Thủy điện - Điện Lực 3
DFC,CTCP Xích líp Đông Anh
VDG,CTCP Vạn Đạt Group
CMT,CTCP Công nghệ Mạng và Truyền thông
PMC,CTCP Dược phẩm Dược liệu Pharmedic
VHD,CTCP Đầu tư Phát triển Nhà và Đô Thị VINAHUD
DTD,CTCP Đầu tư Phát triển Thành Đạt
QHW,CTCP Nước khoáng Quảng Ninh
CMF,CTCP Thực phẩm Cholimex
CEN,CTCP CENCON Việt Nam
UMC,CTCP Công trình Đô thị Nam Định
DLD,CTCP Du lịch Đắk Lắk
TMC,CTCP Thương mại Xuất nhập khẩu Thủ Đức
NDP,CTCP Dược phẩm 2/9
HKT,CTCP Đầu tư QP Xanh
HHV,CTCP Đầu tư Hạ tầng Giao thông Đèo Cả
VHM,CTCP Vinhomes
AMP,CTCP Armephaco
VDN,CTCP Vinatex Đà Nẵng
HBD,CTCP Bao Bì PP Bình Dương
VPB,Ngân hàng TMCP Việt Nam Thịnh Vượng
VPX,CTCP Chứng khoán VPBank
S74,CTCP Sông Đà 7.04
VCX,CTCP Xi măng Yên Bình
GMC,CTCP Garmex Sài Gòn
SSC,CTCP Giống cây trồng Miền Nam
TDG,CTCP Đầu tư TDG Global
LUT,CTCP Đầu tư Xây dựng Lương Tài
BHG,CTCP Chè Biển Hồ
DCT,CTCP Tấm lợp Vật liệu Xây dựng Đồng Nai
NRC,CTCP Tập đoàn NRC
POT,CTCP Thiết bị Bưu điện
AME,CTCP Alphanam E&C
SPB,CTCP Sợi Phú Bài
VDT,CTCP Lưới thép Bình Tây
PMJ,CTCP Vật tư Bưu Điện
SHP,CTCP Thủy điện Miền Nam
DVT,Trung tâm đào tạo nghiệp vụ Giao thông vận tải Bình Định
GAS,Tổng Công ty Khí Việt Nam - CTCP
PMS,CTCP Cơ khí Xăng dầu
XPH,CTCP Xà phòng Hà Nội
ONE,CTCP Công nghệ One
L62,CTCP Lilama 69-2
GDT,CTCP Chế biến Gỗ Đức Thành
HNP,CTCP Hanel Xốp nhựa
CTA,CTCP Vinavico
KSB,CTCP Khoáng sản và Xây dựng Bình Dương
DNW,CTCP Cấp nước Đồng Nai
TFC,CTCP Trang
VCE,CTCP Xây lắp Môi trường
BDT,CTCP Xây lắp và Vật liệu Xây dựng Đồng Tháp
CAT,CTCP Thủy sản Cà Mau
LTG,CTCP Tập đoàn Lộc Trời
LMC,CTCP Long Beach LMC
CNG,CTCP CNG Việt Nam
DCF,CTCP Xây dựng và Thiết kế Số 1
QBS,CTCP Xuất nhập khẩu Quảng Bình
FCM,CTCP Bê tông Phan Vũ Hà Nam
TPB,Ngân hàng TMCP Tiên Phong
PTV,CTCP Thương mại Dầu khí
PGI,Tổng Công ty cổ phần Bảo hiểm Petrolimex
NHH,CTCP Nhựa Hà Nội
S4A,CTCP Thủy điện Sê San 4A
VCG,Tổng Công ty cổ phần Xuất nhập khẩu và Xây dựng Việt Nam
NTH,CTCP Thủy điện Nước Trong
PVD,Tổng Công ty cổ phần Khoan và Dịch vụ khoan Dầu khí
NVB,Ngân hàng TMCP Quốc Dân
VE8,CTCP Xây dựng Điện VNECO 8
SBL,CTCP Bia Sài Gòn - Bạc Liêu
HTM,Tổng Công ty Thương mại Hà Nội - CTCP
MEC,CTCP Cơ khí - Lắp máy Sông Đà
LIG,CTCP Licogi 13
HMG,CTCP Kim khí Hà Nội - VNSTEEL
FRM,CTCP Lâm Nghiệp Sài Gòn
MND,CTCP Môi trường Nam Định
MCG,CTCP Năng lượng và Bất động sản MCG
DHP,CTCP Điện cơ Hải Phòng
VE3,CTCP Xây dựng Điện VNECO 3
VNH,CTCP Đầu tư Việt Việt Nhật
CCC,CTCP Xây dựng CDC
MIC,CTCP Kỹ nghệ Khoáng sản Quảng Nam
MBS,CTCP Chứng khoán MB
DRC,CTCP Cao su Đà Nẵng
APF,CTCP Nông sản Thực phẩm Quảng Ngãi
IME,CTCP Cơ khí và Xây lắp Công nghiệp
QHD,CTCP Que hàn điện Việt Đức
DFF,CTCP Tập đoàn Đua Fat
CDG,CTCP Cầu Đuống
NST,CTCP Ngân Sơn
MIG,Tổng Công ty cổ phần Bảo hiểm Quân Đội
VCR,CTCP Đầu tư và Phát triển Du lịch Vinaconex
QNC,CTCP Xi măng và Xây dựng Quảng Ninh
TTH,CTCP Thương mại và Dịch vụ Tiến Thành
PCF,CTCP Cà phê PETEC
PTP,CTCP PTP
DXS,CTCP Dịch vụ Bất động sản Đất Xanh
VEC,Tổng Công ty cổ phần Điện tử và Tin học Việt Nam
CLM,CTCP Xuất nhập khẩu Than - Vinacomin
L14,CTCP Licogi 14
ITD,CTCP Công nghệ ITD
SIG,CTCP Đầu tư và Thương mại Sông Đà
EIN,CTCP Đầu tư - Thương mại - Dịch vụ Điện Lực
TIE,CTCP TIE
BHA,CTCP Thủy điện Bắc Hà
NBT,CTCP Cấp thoát nước Bến Tre
RAT,CTCP Vận tải và Thương mại Đường sắt
CID,CTCP Xây dựng và Phát triển Cơ sở Hạ tầng
PSB,CTCP Đầu tư Dầu khí Sao Mai - Bến Đình
BSA,CTCP Thủy điện Buôn Đôn
TLP,Tổng Công ty Thương mại Xuất nhập khẩu Thanh Lễ - CTCP
BHK,CTCP Bia Hà Nội - Kim Bài
HDC,CTCP Phát triển Nhà Bà Rịa - Vũng Tàu
HTV,CTCP Logistics Vicem
CTG,Ngân hàng TMCP Công Thương Việt Nam
SAC,CTCP Xếp dỡ và Dịch vụ Cảng Sài Gòn
XDH,CTCP Đầu tư Xây dựng Dân dụng Hà Nội
IDP,CTCP Sữa Quốc tế Lof
V21,CTCP Vinaconex 21
AAV,CTCP AAV Group
BSD,"CTCP Bia, Rượu Sài Gòn - Đồng Xuân"
VLP,CTCP Công trình Công cộng Vĩnh Long
BVN,CTCP Bông Việt Nam
PVE,Tổng Công ty Tư vấn thiết kế Dầu khí - CTCP
MKP,CTCP Hoá - Dược phẩm Mekophar
VIG,CTCP Chứng khoán Đầu tư tài chính Việt Nam
PSN,CTCP Dịch Vụ Kỹ Thuật PTSC Thanh Hóa
TDW,CTCP Cấp nước Thủ Đức
HPT,CTCP Dịch vụ Công nghệ Tin học HPT
VDB,CTCP Vận tải và Chế biến Than Đông Bắc
HHB,CTCP Bia Hà Nội - Hồng Hà
GEG,CTCP Điện Gia Lai
MH3,CTCP Khu Công nghiệp Cao su Bình Long
DNN,CTCP Cấp nước Đà Nẵng
DVN,Tổng Công ty Dược Việt Nam - CTCP
HAP,CTCP Tập đoàn Hapaco
DM7,CTCP Dệt May 7
TNI,CTCP Tập đoàn Thành Nam
DAS,CTCP Máy - Thiết bị Dầu khí Đà Nẵng
PXA,CTCP Đầu tư và Thương mại Dầu khí Nghệ An
BTT,CTCP Thương mại Dịch vụ Bến Thành
BDG,CTCP May mặc Bình Dương
SDG,CTCP Sadico Cần Thơ
PCE,CTCP Phân bón và Hóa chất Dầu khí Miền Trung
RIC,CTCP Quốc tế Hoàng Gia
DP3,CTCP Dược phẩm Trung ương 3
ARM,CTCP Xuất nhập khẩu Hàng không
MLS,CTCP Chăn nuôi - Mitraco
HU3,CTCP Đầu tư và Xây dựng HUD3
QNP,CTCP Cảng Quy Nhơn
QST,CTCP Sách và Thiết bị Trường học Quảng Ninh
PXT,CTCP Xây lắp Đường ống Bể chứa Dầu khí
OCB,Ngân hàng TMCP Phương Đông
KVC,CTCP Sản xuất Xuất nhập khẩu Inox Kim Vĩ
HCD,CTCP Đầu tư Sản xuất và Thương mại HCD
PTG,CTCP May Xuất khẩu Phan Thiết
MTG,CTCP MT Gas
BMI,Tổng Công ty cổ phần Bảo Minh
DDH,CTCP Đảm bảo Giao thông Đường thủy Hải Phòng
VPC,CTCP Đầu tư và Phát triển Năng lượng Việt Nam
C32,CTCP Đầu tư và Xây dựng 3-2
VIX,CTCP Chứng khoán VIX
TTZ,CTCP Đầu tư Xây dựng và Công nghệ Tiến Trung
ITC,CTCP Đầu tư và Kinh doanh Nhà
PMB,CTCP Phân bón và Hóa chất Dầu khí Miền Bắc
MML,CTCP Masan MeatLife
TJC,CTCP Dịch vụ Vận tải và Thương mại
PLE,CTCP Tư vấn Xây dựng Petrolimex
NJC,CTCP May Nam Định
MBT,CTCP Bất động sản cho thuê Minh Bảo Tín
GTT,CTCP Thuận Thảo
FT1,CTCP Phụ tùng Máy số 1
FIC,Tổng Công ty Vật liệu Xây dựng số 1 - CTCP
ONW,CTCP Dịch vụ Một Thế Giới
C47,CTCP Xây dựng 47
PCG,CTCP Đầu tư Phát triển Gas Đô thị
FID,CTCP Đầu tư và Phát triển Doanh nghiệp Việt Nam
LPB,Ngân hàng TMCP Lộc Phát Việt Nam
EMG,CTCP Thiết bị Phụ Tùng Cơ Điện
NQN,CTCP Nước sạch Quảng Ninh
SP2,CTCP Thủy điện Sử Pán 2
ACV,Tổng Công ty Cảng Hàng không Việt Nam - CTCP
PHC,CTCP Xây dựng Phục Hưng Holdings
NBP,CTCP Nhiệt điện Ninh Bình
KGM,CTCP Xuất nhập khẩu Kiên Giang
PXI,CTCP Xây dựng Công nghiệp và Dân dụng Dầu khí
HCI,CTCP Đầu tư Xây dựng Hà Nội 
PGD,CTCP Phân phối khí thấp áp Dầu khí Việt Nam
VFC,CTCP Vinafco
SID,CTCP Đầu tư Phát triển Sài Gòn Co.op
VTE,CTCP VINACAP Kim Long
ASM,CTCP Tập đoàn Sao Mai
VMA,CTCP Công nghiệp Ô tô - Vinacomin
VNR,Tổng Công ty cổ phần Tái Bảo hiểm Quốc gia Việt Nam
QNU,CTCP Môi trường Đô thị Quảng Nam
PSL,CTCP Chăn nuôi Phú Sơn
SPC,CTCP Bảo vệ Thực vật Sài Gòn
VTX,CTCP Vận tải Đa Phương Thức Vietranstimex
SD7,CTCP Sông Đà 7
VIW,Tổng Công ty Đầu tư Nước và Môi trường Việt Nam
TVS,CTCP Chứng khoán Thiên Việt
TAW,CTCP Cấp nước Trung An
LMH,CTCP Quốc Tế Holding
MDC,CTCP Than Mông Dương - Vinacomin
TV6,CTCP Tập đoàn EMA Land
KBC,Tổng Công ty Phát triển Đô thị Kinh Bắc - CTCP
TN1,CTCP Rox Key Holdings
VC7,CTCP Tập đoàn BGI
DGT,CTCP Công trình Giao thông Đồng Nai
EGL,CTCP Môi trường Đô thị Gia Lâm
HSL,CTCP Đầu tư Phát triển Thực phẩm Hồng Hà
XLV,CTCP Xây Lắp và Dịch vụ Sông Đà
LCM,CTCP Khai thác và Chế biến khoáng sản Lào Cai
NDF,CTCP Chế biến Thực phẩm Nông sản xuất khẩu Nam Định
TVN,Tổng Công ty Thép Việt Nam - CTCP
UTT,CTCP Môi trường Đô thị Thanh Trì
ABB,Ngân hàng TMCP An Bình
DRG,CTCP Cao su Đắk Lắk
HC1,CTCP Xây dựng Số 1 Hà Nội
HHN,CTCP Vận tải và Dịch vụ Hàng hóa Hà Nội
ALT,CTCP Văn hóa Tân Bình
NAU,CTCP Môi trường và Công trình Đô thị Nghệ An
CMN,CTCP Lương thực Thực phẩm Colusa - Miliket
CMG,CTCP Tập đoàn Công nghệ CMC
MEF,CTCP MEINFA
NAV,CTCP Nam Việt
SBS,CTCP Chứng khoán SBS
LIC,Tổng Công ty LICOGI - CTCP
HSM,Tổng Công ty cổ phần Dệt may Hà Nội
TMX,CTCP VICEM Thương mại Xi măng
TH1,CTCP Xuất nhập khẩu Tổng hợp I Việt Nam
DHM,CTCP Thương mại và Khai thác Khoáng sản Dương Hiếu
CT3,CTCP Đầu tư và Xây dựng Công trình 3
IDI,CTCP Đầu tư và Phát triển Đa Quốc Gia - IDI
FOX,CTCP Viễn thông FPT
C22,CTCP 22
TRS,CTCP Vận tải và Dịch vụ Hàng hải
VGG,Tổng Công ty cổ phần May Việt Tiến
DCS,CTCP Tập đoàn EDX
BLF,CTCP Thủy sản Bạc Liêu
DDB,CTCP Thương mại và Xây dựng Đông Dương
PNP,CTCP Tân Cảng - Phú Hữu
SCD,CTCP Nước giải khát Chương Dương
MHL,CTCP Minh Hữu Liên
HLT,CTCP Dệt may Hoàng Thị Loan
VLB,CTCP Xây dựng và Sản xuất Vật liệu xây dựng Biên Hòa
TV1,CTCP Tư vấn Xây dựng Điện 1
HID,CTCP Halcom Việt Nam
DDG,CTCP Đầu tư Công nghiệp Xuất nhập khẩu Đông Dương
PCM,CTCP Vật liệu Xây dựng Bưu điện
TIP,CTCP Phát triển Khu Công nghiệp Tín Nghĩa
VHH,CTCP Đầu tư Kinh doanh Nhà Thành Đạt
TV4,CTCP Tư vấn Xây dựng Điện 4
JOS,CTCP Chế biến Thủy sản xuất khẩu Minh Hải
CCP,CTCP Cảng Cửa Cấm Hải Phòng
HMC,CTCP Kim khí Thành phố Hồ Chí Minh - VNSTEEL
VSH,CTCP Thủy điện Vĩnh Sơn - Sông Hinh
BBH,CTCP Bao bì Hoàng Thạch
DLR,CTCP Địa ốc Đà Lạt
BLN,CTCP Vận tải và Dịch vụ Liên Ninh
E12,CTCP Xây dựng Điện VNECO12
BVL,CTCP BV Land
MBG,CTCP Tập đoàn MBG
TDS,CTCP Thép Thủ Đức - VNSTEEL
SAF,CTCP Lương thực Thực phẩm Safoco
TDF,CTCP Trung Đô
VVS,CTCP Đầu tư phát triển máy Việt Nam
TMT,CTCP Ô tô TMT
USC,CTCP Khảo sát và Xây dựng -USCO
DCL,CTCP Dược phẩm Cửu Long
SIP,CTCP Đầu tư Sài Gòn VRG
DMS,CTCP Hóa phẩm Dầu khí DMC - Miền Nam
TPC,CTCP Nhựa Tân Đại Hưng
PTS,CTCP Vận tải và Dịch vụ Petrolimex Hải Phòng
VTD,CTCP Vietourist Holdings
PNG,CTCP Thương mại Phú Nhuận
MDG,CTCP Miền Đông
CMX,CTCP Camimex Group
BT6,CTCP Beton 6
MA1,CTCP Thiết bị
KCB,CTCP khoáng Sản và Luyện Kim Cao Bằng
PJC,CTCP Thương mại và Vận tải Petrolimex Hà Nội
PLA,CTCP Đầu tư và Dịch vụ Hạ tầng Xăng dầu
SD8,CTCP Sông Đà 8
MBB,Ngân hàng TMCP Quân đội
CLL,CTCP Cảng Cát Lái
BBS,CTCP VICEM Bao bì Bút Sơn
VTV,CTCP Năng lượng và Môi trường VICEM
BMG,CTCP May Bình Minh
KMR,CTCP Mirae
SDT,CTCP Sông Đà 10
SD4,CTCP Sông Đà 4
IDC,Tổng Công ty IDICO - CTCP
ADP,CTCP Sơn Á Đông
KTT,CTCP Tập đoàn Đầu tư KTT
VSN,CTCP Việt Nam Kỹ nghệ Súc sản
BCA,CTCP B.C.H
LCD,CTCP Lắp máy - Thí nghiệm Cơ điện
TST,CTCP Dịch vụ Kỹ Thuật Viễn thông
ALV,CTCP Tập đoàn MCST
HAM,CTCP Vật tư Hậu Giang
HLY,CTCP Gốm Xây Dựng Yên Hưng
DNP,CTCP DNP Holding
DMC,CTCP Xuất nhập khẩu Y Tế DOMESCO
TVB,CTCP Chứng khoán T-Cap
CHP,CTCP Thủy điện Miền Trung
SLS,CTCP Mía Đường Sơn La
ECO,CTCP Nhựa sinh thái Việt Nam
VIN,CTCP Giao nhận Kho vận Ngoại Thương Việt Nam
CTR,Tổng Công ty cổ phần Công trình Viettel
SZL,CTCP Sonadezi Long Thành
ILS,CTCP Đầu tư Thương mại và Dịch vụ Quốc tế
TDB,CTCP Thủy điện Định Bình
BKG,CTCP Đầu tư BKG Việt Nam
AAH,CTCP Hợp Nhất
LG9,CTCP Cơ giới và Xây lắp Số 9
TDM,CTCP Nước Thủ Dầu Một
BMK,CTCP Kỹ thuật nhiệt Mèo Đen
ACC,CTCP Đầu tư và Xây dựng Bình Dương ACC
TNC,CTCP Cao su Thống Nhất
POW,Tổng Công ty Điện lực Dầu khí Việt Nam - CTCP
GHC,CTCP Thủy điện Gia Lai
HOT,CTCP Du lịch - Dịch vụ Hội An
UEM,CTCP Cơ điện Uông Bí - Vinacomin
PVV,CTCP Vinaconex 39
BCG,CTCP Tập đoàn Bamboo Capital
BLI,Tổng Công ty cổ phần Bảo hiểm Bảo Long
TGP,CTCP Trường Phú
TTN,CTCP Công nghệ và Truyền thông Việt Nam
HNA,CTCP Thủy điện Hủa Na
NFC,CTCP Phân lân Ninh Bình
FBC,CTCP Cơ khí Phổ Yên
HNG,CTCP Nông nghiệp Quốc tế Hoàng Anh Gia Lai
SD5,CTCP Sông Đà 5
SAM,CTCP SAM Holdings
F88,CTCP Đầu tư F88
VCI,CTCP Chứng khoán Vietcap
DTP,CTCP Dược phẩm CPC1 Hà Nội
BMC,CTCP Khoáng sản Bình Định
ACS,CTCP Xây lắp Thương mại 2
CAG,CTCP Cảng An Giang
VBH,CTCP Điện tử Bình Hòa
MAC,CTCP Tập đoàn Macstar
SMB,CTCP Bia Sài Gòn - Miền Trung
TAN,CTCP Cà phê Thuận An
LAF,CTCP Chế biến hàng Xuất khẩu Long An
NNT,CTCP Cấp nước Ninh Thuận
BMP,CTCP Nhựa Bình Minh
BSG,CTCP Xe khách Sài Gòn
VGP,CTCP Cảng Rau Quả
TKU,CTCP Công nghiệp Tung Kuang
VTA,CTCP Vitaly
MEL,CTCP Thép Mê Lin
DHA,CTCP Hóa An
XMC,CTCP Đầu tư và Xây dựng Xuân Mai
SCC,CTCP Thương mại Đầu tư SHB
VBG,CTCP Địa chất Việt Bắc - TKV
A32,CTCP 32
VHG,CTCP Đầu tư Phát triển Việt Trung Nam
SZB,CTCP Sonadezi Long Bình
TLG,CTCP Tập đoàn Thiên Long
TAB,CTCP Freco Việt Nam
AIC,Tổng Công ty Cổ phần Bảo hiểm DBV
APS,CTCP Chứng khoán Châu Á Thái Bình Dương
NDX,CTCP Xây lắp Phát triển Nhà Đà Nẵng
CMV,CTCP Thương nghiệp Cà Mau
HAG,CTCP Hoàng Anh Gia Lai
CTX,Tổng Công ty cổ phần Đầu tư Xây dựng và Thương mại Việt Nam
PVC,Tổng Công ty Hóa chất và Dịch vụ Dầu khí - CTCP
AMC,CTCP Khoáng sản Á Châu
TIG,CTCP Tập đoàn Đầu tư Thăng Long
VTR,CTCP Du lịch Vietravel
FIT,CTCP Tập đoàn F.I.T
BHP,CTCP Bia Hà Nội - Hải Phòng
PLC,Tổng Công ty Hóa dầu Petrolimex - CTCP
TQW,CTCP Cấp thoát nước Tuyên Quang
VE1,CTCP Xây dựng Điện VNECO 1
VCF,CTCP Vinacafé Biên Hòa
VUA,CTCP Chứng khoán Stanley Brothers
SJM,CTCP Sunspace Holdings
HFC,CTCP Xăng dầu HFC
HVN,Tổng Công ty Hàng không Việt Nam - CTCP
TSC,CTCP Vật tư Kỹ thuật nông nghiệp Cần Thơ
HWS,CTCP Cấp nước Huế
DCR,CTCP Gạch men Cosevco
HPO,CTCP Công nghiệp Hapulico
HDW,CTCP Kinh doanh Nước sạch Hải Dương
VC1,CTCP Xây dựng Số 1
GCF,CTCP Thực phẩm G.C
APP,CTCP Phát triển Phụ gia và Sản phẩm Dầu Mỏ
STD,CTCP Bia - Nước giải khát Sài Gòn - Tây Đô
BAF,CTCP Nông nghiệp BAF Việt Nam
MSN,CTCP Tập đoàn Masan
MDA,CTCP Môi trường Đô thị Đông Anh
PIC,CTCP Đầu tư Điện lực 3
MVN,Tổng Công ty Hàng hải Việt Nam - CTCP
MQB,CTCP Môi trường và Phát triển Đô thị Quảng Bình
CBS,CTCP Mía Đường Cao Bằng
ABS,CTCP Dịch vụ Nông nghiệp Bình Thuận
THP,CTCP Thủy sản và Thương mại Thuận Phước
CCT,CTCP Cảng Cần Thơ
DVW,CTCP Dịch vụ và Xây dựng Cấp nước Đồng Nai
YBC,CTCP Xi măng và Khoáng sản Yên Bái
TIX,CTCP Sản xuất Kinh doanh Xuất nhập khẩu Dịch vụ và Đầu tư Tân Bình
CVT,CTCP CMC
TRC,CTCP Cao su Tây Ninh
TNV,CTCP Thống Nhất Hà Nội
ITA,CTCP Đầu tư và Công nghiệp Tân Tạo
ECI,CTCP Tập Đoàn ECI
ITQ,CTCP Tập đoàn Thiên Quang
SZC,CTCP Sonadezi Châu Đức
DTL,CTCP Đại Thiên Lộc
PIA,CTCP Tin học Viễn thông Petrolimex
KST,CTCP KASATI
INN,CTCP Bao bì và In Nông nghiệp
CMW,CTCP Cấp nước Cà Mau
DCG,CTCP Tổng Công ty May Đáp Cầu
KIP,CTCP K.I.P Việt Nam
C92,CTCP Xây dựng và Đầu tư 492
PAN,CTCP Tập đoàn PAN
TBC,CTCP Thủy điện Thác Bà
VGR,CTCP Cảng Xanh Vip
PMP,CTCP Bao bì đạm Phú Mỹ
DNA,CTCP Điện Nước An Giang
NAW,CTCP Cấp nước Nghệ An
HAS,CTCP Hacisco
MQN,CTCP Môi trường đô thị Quảng Ngãi
BCR,CTCP BCG Land
PHP,CTCP Cảng Hải Phòng
NTF,CTCP Dược - Vật tư Y tế Nghệ An
IJC,CTCP Phát triển Hạ tầng Kỹ thuật
FTI,CTCP Công nghiệp - Thương mại Hữu Nghị
ELC,CTCP Công Nghệ - Viễn Thông Elcom
CDP,CTCP Dược phẩm Trung ương Codupha
PTT,CTCP Vận tải Dầu khí Đông Dương
NVT,CTCP Bất động sản Du lịch Ninh Vân Bay
KSV,Tổng Công ty Khoáng sản TKV - CTCP
VC3,CTCP Tập đoàn Nam Mê Kông
S12,CTCP Sông Đà 12
SAV,CTCP Hợp tác Kinh tế và Xuất nhập khẩu Savimex
CCS,CTCP Chíp Sáng
TRA,CTCP Traphaco
CDN,CTCP Cảng Đà Nẵng
RAL,CTCP Bóng đèn Phích nước Rạng Đông
BCE,CTCP Xây dựng và Giao thông Bình Dương
MTL,CTCP Dịch vụ Môi trường Đô thị Từ Liêm
ICN,CTCP Đầu tư Xây dựng Dầu khí IDICO
CAD,CTCP Chế biến và Xuất nhập khẩu Thủy sản Cadovimex
DXL,CTCP Du Lịch và Xuất nhập khẩu Lạng Sơn
GVR,Tập đoàn Công nghiệp Cao su Việt Nam - CTCP
SPD,CTCP Xuất nhập khẩu Thủy sản Miền Trung
ABC,CTCP Truyền thông VMG
MCM,CTCP Giống Bò sữa Mộc Châu
TTB,CTCP TTBGroup
LLM,Tổng Công ty Lắp máy Việt Nam - CTCP
LHC,CTCP Đầu tư và Xây dựng Thủy lợi Lâm Đồng
AG1,CTCP 28.1
DAN,CTCP Dược Danapha
HGM,CTCP Cơ khí và Khoáng sản Hà Giang
PSI,CTCP Chứng khoán Dầu khí
G20,CTCP Đầu tư Dệt may Vĩnh Phúc
LM7,CTCP Lilama 7
MVC,CTCP Vật liệu và Xây dựng Bình Dương
LIX,CTCP Bột Giặt Lix
PAC,CTCP Pin Ắc quy Miền Nam
SKH,CTCP Nước giải khát Sanest Khánh Hòa
VNC,CTCP Tập đoàn Vinacontrol
LDG,CTCP Đầu tư LDG
HPW,CTCP Cấp nước Hải Phòng
QNT,CTCP Tư vấn Phát triển Quảng Nam
CMP,CTCP Cảng Chân Mây
RBC,CTCP Công nghiệp và Xuất nhập khẩu Cao su
CHC,CTCP Cẩm Hà
NTT,CTCP Dệt - May Nha Trang
HVT,CTCP Hóa chất Việt Trì
SRF,CTCP SEAREFICO
V12,CTCP Xây dựng Số 12
SIV,CTCP SIVICO
EMS,Tổng Công ty Chuyển phát nhanh Bưu Điện - CTCP
VNS,CTCP Ánh Dương Việt Nam
DNL,CTCP Logistics Cảng Đà Nẵng
DNT,CTCP Du lịch Đồng Nai
SCR,CTCP Địa ốc Sài Gòn Thương Tín
AVG,CTCP Phân bón Quốc tế Âu Việt
DNC,CTCP Điện Nước Lắp máy Hải Phòng
DNH,CTCP Thủy điện Đa Nhim - Hàm Thuận - Đa Mi
NDT,Tổng Công ty cổ phần Dệt May Nam Định
HC3,CTCP Xây dựng Số 3 Hải Phòng
NAG,CTCP Tập đoàn Nagakawa
HU1,CTCP Đầu tư và Xây dựng HUD1
RCC,CTCP Tổng Công ty Công trình Đường sắt Việt Nam
CHS,CTCP Chiếu sáng Công cộng Thành phố Hồ Chí Minh
GSM,CTCP Thủy điện Hương Sơn
TCO,CTCP Janus Group
CFV,CTCP Cà phê Thắng Lợi
VNA,CTCP Vận tải Biển Vinaship
SII,CTCP Hạ tầng Nước Sài Gòn
XMP,CTCP Thủy điện Xuân Minh
CPH,CTCP Phục vụ Mai táng Hải Phòng
TOS,CTCP Dịch vụ biển Tân Cảng
DVP,CTCP Đầu tư và Phát triển Cảng Đình Vũ
THB,CTCP Bia Hà Nội - Thanh Hóa
GSP,CTCP Vận tải Sản Phẩm Khí Quốc tế
NQB,CTCP Cấp nước Quảng Bình
PHH,CTCP Hồng Hà Việt Nam
HTP,CTCP In Sách Giáo khoa Hòa Phát
TTC,CTCP Gạch men Thanh Thanh
VVN,Tổng Công ty cổ phần Xây dựng Công nghiệp Việt Nam
SHG,Tổng Công ty cổ phần Sông Hồng
HDA,CTCP Hãng sơn Đông Á
L43,CTCP Lilama 45.3
GIL,CTCP Sản xuất Kinh doanh và Xuất nhập khẩu Bình Thạnh
TLD,CTCP Đầu tư Xây dựng và Phát triển Đô thị Thăng Long
NTC,CTCP Khu Công nghiệp Nam Tân Uyên
SSH,CTCP Phát triển Sunshine Homes
TPP,CTCP Tân Phú Việt Nam
ABT,CTCP Xuất nhập khẩu Thủy sản Bến Tre
DHG,CTCP Dược Hậu Giang
PEG,Tổng Công ty Thương mại Kỹ thuật và Đầu tư - CTCP
POB,CTCP Xăng dầu Dầu khí Hưng Yên
DCH,CTCP Địa chính Hà Nội
